/*
Navicat MySQL Data Transfer

Source Server         : mysql5.6
Source Server Version : 50621
Source Host           : localhost:3306
Source Database       : test

Target Server Type    : MYSQL
Target Server Version : 50621
File Encoding         : 65001

Date: 2016-07-25 16:51:10
*/

SET FOREIGN_KEY_CHECKS=0;

-- ----------------------------
-- Table structure for t_permission
-- ----------------------------
DROP TABLE IF EXISTS `t_permission`;
CREATE TABLE `t_permission` (
  `permissionid` int(11) NOT NULL,
  `permissionname` varchar(255) DEFAULT NULL,
  `role_id` int(11) DEFAULT NULL,
  PRIMARY KEY (`permissionid`),
  KEY `role_id` (`role_id`),
  CONSTRAINT `t_permission_ibfk_1` FOREIGN KEY (`role_id`) REFERENCES `t_role` (`roleid`)
) ENGINE=InnoDB DEFAULT CHARSET=utf8;

-- ----------------------------
-- Records of t_permission
-- ----------------------------
INSERT INTO `t_permission` VALUES ('1', 'add', '2');
INSERT INTO `t_permission` VALUES ('2', 'del', '1');
INSERT INTO `t_permission` VALUES ('3', 'update', '2');
INSERT INTO `t_permission` VALUES ('4', 'query', '3');

-- ----------------------------
-- Table structure for t_role
-- ----------------------------
DROP TABLE IF EXISTS `t_role`;
CREATE TABLE `t_role` (
  `roleid` int(11) NOT NULL,
  `rolename` varchar(255) DEFAULT NULL,
  PRIMARY KEY (`roleid`)
) ENGINE=InnoDB DEFAULT CHARSET=utf8;

-- ----------------------------
-- Records of t_role
-- ----------------------------
INSERT INTO `t_role` VALUES ('1', 'admin');
INSERT INTO `t_role` VALUES ('2', 'manager');
INSERT INTO `t_role` VALUES ('3', 'normal');

-- ----------------------------
-- Table structure for t_user
-- ----------------------------
DROP TABLE IF EXISTS `t_user`;
CREATE TABLE `t_user` (
  `userid` int(11) NOT NULL,
  `username` varchar(255) DEFAULT NULL,
  `password` varchar(255) DEFAULT NULL,
  PRIMARY KEY (`userid`)
) ENGINE=InnoDB DEFAULT CHARSET=utf8;

-- ----------------------------
-- Records of t_user
-- ----------------------------
INSERT INTO `t_user` VALUES ('1', 'tom', '000000');
INSERT INTO `t_user` VALUES ('2', 'jack', '000000');
INSERT INTO `t_user` VALUES ('3', 'rose', '000000');

-- ----------------------------
-- Table structure for t_user_role
-- ----------------------------
DROP TABLE IF EXISTS `t_user_role`;
CREATE TABLE `t_user_role` (
  `user_id` int(11) NOT NULL,
  `role_id` int(11) NOT NULL,
  PRIMARY KEY (`user_id`,`role_id`)
) ENGINE=InnoDB DEFAULT CHARSET=utf8;

-- ----------------------------
-- Records of t_user_role
-- ----------------------------
INSERT INTO `t_user_role` VALUES ('1', '1');
INSERT INTO `t_user_role` VALUES ('1', '3');
INSERT INTO `t_user_role` VALUES ('2', '2');
INSERT INTO `t_user_role` VALUES ('2', '3');
INSERT INTO `t_user_role` VALUES ('3', '3');
